Date,Mean_Temp,Mean_Feels_Like,Min_Temp,Max_Temp,Mean_Humidity,Mean_Wind_Speed,Mean_Cloudiness,Weather_Description
2014-01-01,28.941666666666666,19.074166666666667,22.96,34.95,48.958333333333336,12.807916666666666,13.125,sky is clear
2014-01-02,29.20653846153846,18.154615384615383,22.96,34.14,71.57692307692308,16.8,93.84615384615384,overcast clouds
2014-01-03,16.499285714285715,3.8992857142857145,10.04,26.55,75.64285714285714,20.561785714285715,75.71428571428571,snow
2014-01-04,15.930416666666666,5.985416666666667,6.76,28.11,50.083333333333336,8.94,3.125,sky is clear
2014-01-05,30.17413793103448,22.742758620689653,18.95,37.11,76.06896551724138,8.063793103448276,59.310344827586206,sky is clear
2014-01-06,45.888,41.623666666666665,33.76,57.16,86.9,15.365666666666668,99.16666666666667,mist
2014-01-07,13.970416666666667,1.4487499999999998,3.15,36.39,43.208333333333336,28.47791666666667,11.458333333333334,sky is clear
2014-01-08,12.963333333333333,0.6199999999999999,7.95,22.26,46.625,15.584166666666667,7.5,sky is clear
2014-01-09,25.23625,16.049166666666668,19.36,33.76,45.25,9.4575,20.833333333333332,sky is clear
2014-01-10,32.08833333333333,26.397,26.55,37.0,71.93333333333334,6.0326666666666675,78.5,mist
2014-01-11,46.34567567567567,43.48432432432433,32.95,60.76,92.48648648648648,11.378378378378379,100.0,mist
2014-01-12,48.305600000000005,42.755199999999995,41.23,57.54,65.12,18.9252,79.2,overcast clouds
2014-01-13,42.02,35.9475,31.95,51.94,62.291666666666664,11.0075,0.0,sky is clear
2014-01-14,48.05821428571429,44.77964285714285,43.23,52.14,77.25,7.829285714285715,71.96428571428571,light rain
2014-01-15,42.468333333333334,38.349583333333335,32.97,47.37,83.79166666666667,7.2700000000000005,48.958333333333336,mist
2014-01-16,40.04875,34.5675,36.95,42.76,79.04166666666667,8.41375,100.0,overcast clouds
2014-01-17,38.007083333333334,32.652499999999996,27.97,45.03,61.125,7.488333333333333,44.375,scattered clouds
2014-01-18,38.1176,31.7304,33.75,43.0,72.68,10.2088,86.0,light rain
2014-01-19,29.748333333333335,18.610416666666666,22.96,36.27,60.5,15.852500000000001,52.916666666666664,scattered clouds
2014-01-20,39.0475,30.268333333333334,33.76,46.36,52.125,17.120833333333334,57.291666666666664,overcast clouds
2014-01-21,26.201666666666668,14.949166666666665,12.16,42.06,64.75,16.413333333333334,96.45833333333333,overcast clouds
2014-01-22,12.438333333333333,-0.16166666666666665,4.96,18.27,64.91666666666667,20.73375,72.08333333333333,light snow
2014-01-23,13.703333333333333,1.1220833333333335,6.76,21.27,54.333333333333336,15.024583333333334,49.375,scattered clouds
2014-01-24,15.725833333333334,3.2458333333333336,8.56,21.04,50.625,15.932916666666666,24.791666666666668,few clouds
2014-01-25,22.157083333333333,9.7525,15.76,29.03,56.583333333333336,16.12333333333333,81.25,overcast clouds
2014-01-26,21.92625,9.595833333333333,15.76,25.41,55.208333333333336,18.607083333333332,31.875,sky is clear
2014-01-27,34.177083333333336,25.869583333333335,24.75,44.94,54.25,13.250416666666666,72.29166666666667,overcast clouds
2014-01-28,18.757083333333334,7.007916666666667,12.15,28.99,35.833333333333336,15.074166666666668,18.75,sky is clear
2014-01-29,18.00875,6.694583333333334,12.16,23.95,46.0,11.948333333333332,53.125,sky is clear
2014-01-30,21.558333333333334,11.265416666666667,13.95,29.95,41.25,10.032083333333333,0.0,sky is clear
2014-01-31,30.312083333333334,21.6075,22.95,41.0,46.375,10.43625,44.166666666666664,sky is clear
2014-02-01,38.49041666666667,34.839999999999996,31.95,45.95,43.541666666666664,5.545416666666667,14.583333333333334,sky is clear
2014-02-02,43.7725,39.82041666666667,29.95,55.47,70.20833333333333,7.386666666666667,27.083333333333332,sky is clear
2014-02-03,34.79075,25.970999999999997,29.16,51.17,85.8,12.80325,98.0,snow
2014-02-04,28.954166666666666,21.496666666666666,21.94,35.94,73.91666666666667,7.696666666666666,30.416666666666668,haze
2014-02-05,31.61257142857143,22.500857142857143,28.36,35.01,86.4,12.24542857142857,95.42857142857143,mist
2014-02-06,27.99791666666667,18.40625,20.95,34.14,73.0,11.430833333333332,66.875,overcast clouds
2014-02-07,28.177916666666665,17.69875,22.95,33.75,58.541666666666664,12.759166666666667,0.8333333333333334,sky is clear
2014-02-08,26.586250000000003,17.191666666666666,19.36,31.03,43.208333333333336,10.46375,20.625,sky is clear
2014-02-09,25.95,17.485416666666666,19.36,30.54,49.583333333333336,8.210416666666667,23.125,sky is clear
2014-02-10,25.773333333333333,15.313333333333333,19.36,29.95,64.5925925925926,13.824074074074074,33.333333333333336,sky is clear
2014-02-11,22.166666666666668,10.354166666666666,15.76,26.94,48.708333333333336,13.169166666666667,0.0,sky is clear
2014-02-12,19.308333333333334,7.911666666666666,12.16,26.94,50.25,11.377083333333333,0.0,sky is clear
2014-02-13,30.155641025641025,18.428974358974358,20.95,36.39,84.07692307692308,20.63820512820513,94.87179487179488,mist
2014-02-14,34.6814705882353,23.22441176470588,30.24,41.0,79.61764705882354,22.441764705882353,71.47058823529412,mist
2014-02-15,35.05423076923077,26.379615384615384,30.16,39.54,67.96153846153847,14.436153846153847,73.65384615384616,sky is clear
2014-02-16,27.212692307692308,15.312692307692307,19.36,34.16,58.11538461538461,17.77230769230769,38.07692307692308,sky is clear
2014-02-17,23.950000000000003,13.22625,15.76,31.98,43.291666666666664,13.319583333333334,12.083333333333334,sky is clear
2014-02-18,31.724285714285713,24.083214285714288,24.75,39.54,63.035714285714285,9.958214285714286,63.57142857142857,sky is clear
2014-02-19,39.01724137931034,34.08689655172414,26.56,45.39,68.24137931034483,7.614137931034483,35.51724137931034,sky is clear
2014-02-20,43.28333333333333,37.94166666666667,35.56,50.43,54.291666666666664,9.910833333333334,25.833333333333332,sky is clear
2014-02-21,39.46384615384615,33.10038461538461,32.95,47.37,88.23076923076923,10.102692307692308,100.0,mist
2014-02-22,46.223749999999995,41.5225,31.96,54.39,49.875,11.620833333333335,7.291666666666667,sky is clear
2014-02-23,49.07749999999999,45.68833333333333,33.76,53.94,41.083333333333336,7.351666666666667,0.0,sky is clear
2014-02-24,40.30708333333333,31.965833333333332,32.95,52.14,40.041666666666664,16.090416666666666,52.083333333333336,sky is clear
2014-02-25,28.65875,17.539166666666667,23.95,33.76,43.583333333333336,15.762083333333335,51.041666666666664,sky is clear
2014-02-26,27.964166666666667,18.295833333333334,23.97,30.9,47.666666666666664,11.772083333333333,46.041666666666664,sky is clear
2014-02-27,24.92958333333333,14.83375,16.97,33.76,35.041666666666664,12.305416666666666,32.083333333333336,sky is clear
2014-02-28,16.90791666666667,5.47,8.56,28.35,33.708333333333336,15.76,7.291666666666667,sky is clear
2014-03-01,27.034583333333334,20.1175,17.56,39.16,39.0,6.985833333333333,11.458333333333334,sky is clear
2014-03-02,37.24346153846154,31.37076923076923,31.96,40.96,45.69230769230769,7.978461538461539,93.46153846153847,overcast clouds
2014-03-03,26.261666666666667,15.158333333333333,19.35,37.74,46.458333333333336,14.2525,76.45833333333333,overcast clouds
2014-03-04,20.297083333333333,10.929583333333333,12.15,30.63,41.0,8.879166666666666,1.6666666666666667,sky is clear
2014-03-05,31.459166666666665,25.555833333333336,26.55,39.16,33.708333333333336,6.916250000000001,85.0,overcast clouds
2014-03-06,25.074166666666667,14.11875,15.75,32.43,41.041666666666664,13.720416666666667,3.9583333333333335,sky is clear
2014-03-07,30.24083333333333,20.720000000000002,26.04,37.36,58.333333333333336,12.159583333333332,75.0,overcast clouds
2014-03-08,42.48708333333333,37.202083333333334,33.75,58.96,57.125,9.849166666666667,53.125,overcast clouds
2014-03-09,42.10666666666666,34.91583333333333,35.55,52.14,42.041666666666664,14.03375,54.166666666666664,sky is clear
2014-03-10,42.39541666666667,36.5775,36.39,53.56,38.458333333333336,10.514583333333333,65.41666666666667,overcast clouds
2014-03-11,53.26916666666667,50.165416666666665,38.97,66.16,43.333333333333336,9.270833333333334,23.958333333333332,sky is clear
2014-03-12,53.098461538461535,50.62269230769231,38.95,61.41,60.88461538461539,9.22423076923077,51.53846153846154,sky is clear
2014-03-13,31.33185185185185,21.321481481481484,19.02,57.16,55.25925925925926,23.974814814814817,75.92592592592592,overcast clouds
2014-03-14,30.229166666666668,20.39375,18.97,48.16,33.041666666666664,15.1775,27.5,sky is clear
2014-03-15,49.69916666666666,45.34833333333333,38.95,60.76,38.791666666666664,15.59875,42.291666666666664,sky is clear
2014-03-16,38.26625,29.247083333333332,30.15,53.94,33.916666666666664,17.379166666666666,10.0,sky is clear
2014-03-17,29.04416666666667,18.48375,22.95,34.95,33.458333333333336,14.341666666666667,89.58333333333333,overcast clouds
2014-03-18,33.95083333333333,26.088333333333335,24.76,43.95,35.833333333333336,11.11625,18.125,sky is clear
2014-03-19,37.1712,29.7612,30.15,44.94,69.48,11.3424,60.0,sky is clear
2014-03-20,45.529999999999994,40.275,38.95,55.24,73.5,15.008571428571429,80.17857142857143,mist
2014-03-21,44.43833333333333,36.99791666666667,37.0,53.56,38.0,19.44125,33.541666666666664,sky is clear
2014-03-22,49.62416666666667,45.623333333333335,37.94,64.36,41.291666666666664,13.7275,20.0,sky is clear
2014-03-23,42.27875,35.14,36.23,59.0,41.041666666666664,14.446666666666667,26.666666666666668,sky is clear
2014-03-24,28.689999999999998,17.54,21.15,36.95,35.833333333333336,16.281666666666666,6.666666666666667,sky is clear
2014-03-25,32.57458333333333,25.255416666666665,25.95,40.03,35.75,9.13875,25.833333333333332,sky is clear
2014-03-26,33.86875,22.914166666666663,30.16,37.36,39.25,21.257916666666667,58.125,light snow
2014-03-27,30.574166666666667,20.528333333333332,21.16,44.56,37.75,15.849166666666667,0.0,sky is clear
2014-03-28,46.54666666666666,42.355,35.56,62.56,59.5,11.812916666666666,56.458333333333336,sky is clear
2014-03-29,49.662666666666674,45.366,40.95,61.41,79.63333333333334,11.331,79.66666666666667,overcast clouds
2014-03-30,45.387567567567565,37.76810810810811,41.23,49.35,88.72972972972973,19.423243243243242,100.0,mist
2014-03-31,42.278999999999996,34.26,35.55,55.74,73.6,18.868,77.33333333333333,light rain
2014-04-01,46.99458333333333,41.735416666666666,35.94,61.03,47.708333333333336,10.919166666666667,0.8333333333333334,sky is clear
2014-04-02,46.833333333333336,43.66833333333333,39.99,53.94,66.45833333333333,6.657916666666666,28.958333333333332,sky is clear
2014-04-03,52.91916666666666,50.19208333333333,42.01,67.35,50.791666666666664,6.417083333333333,0.0,sky is clear
2014-04-04,44.80307692307693,38.980384615384615,39.99,55.74,72.8076923076923,11.565,92.3076923076923,light rain
2014-04-05,45.20142857142857,39.78892857142857,39.0,55.36,71.39285714285714,16.367857142857144,77.32142857142857,mist
2014-04-06,45.70416666666667,39.35958333333333,34.95,61.14,39.166666666666664,13.249583333333334,0.0,sky is clear
2014-04-07,47.17846153846154,43.47923076923077,39.99,53.94,58.88461538461539,9.328461538461537,30.0,sky is clear
2014-04-08,51.7084375,48.434062499999996,40.95,66.16,81.9375,13.909062500000001,88.90625,mist
2014-04-09,52.76458333333333,49.03875,44.55,64.94,44.958333333333336,16.805833333333336,8.958333333333334,sky is clear
2014-04-10,50.694583333333334,47.07791666666666,38.95,60.76,29.791666666666668,13.015416666666667,0.0,sky is clear
2014-04-11,61.442499999999995,59.29416666666666,48.99,78.04,42.666666666666664,13.243333333333334,7.5,sky is clear
2014-04-12,60.87166666666667,59.19,49.95,73.94,53.875,9.221666666666666,24.791666666666668,sky is clear
2014-04-13,62.2275,60.54958333333334,51.06,82.36,51.083333333333336,10.617916666666668,15.625,sky is clear
2014-04-14,66.55291666666666,65.84583333333333,53.01,78.76,62.5,14.910000000000002,7.291666666666667,sky is clear
2014-04-15,59.224242424242426,58.6930303030303,46.35,69.76,85.96969696969697,17.94333333333333,74.54545454545455,light rain
2014-04-16,38.50241379310344,28.66448275862069,30.16,49.95,61.689655172413794,19.524137931034485,52.41379310344828,light rain
2014-04-17,42.108333333333334,34.92458333333334,35.28,48.94,44.666666666666664,13.869166666666667,18.125,sky is clear
2014-04-18,41.58958333333333,36.30625,34.95,50.95,61.583333333333336,8.553333333333333,35.0,sky is clear
2014-04-19,51.94625,48.24625,39.16,67.96,48.708333333333336,9.5525,0.0,sky is clear
2014-04-20,52.26916666666667,48.38333333333333,45.27,62.94,38.541666666666664,11.310416666666667,1.6666666666666667,sky is clear
2014-04-21,51.81458333333333,49.044999999999995,37.36,66.27,41.666666666666664,6.9775,0.0,sky is clear
2014-04-22,58.317499999999995,56.739583333333336,48.16,75.94,61.5,10.47875,15.625,sky is clear
2014-04-23,56.55916666666667,54.53,49.95,64.74,55.666666666666664,19.66625,73.125,overcast clouds
2014-04-24,50.58041666666667,44.00125,42.24,63.03,34.625,23.784583333333334,15.416666666666666,sky is clear
2014-04-25,53.231249999999996,49.843333333333334,44.55,63.95,28.125,11.763333333333334,0.0,sky is clear
2014-04-26,52.34392857142858,49.19571428571429,44.55,67.96,71.78571428571429,10.570714285714287,81.78571428571429,light rain
2014-04-27,52.434799999999996,49.3508,45.95,61.05,57.8,14.1096,61.0,overcast clouds
2014-04-28,54.812083333333334,51.695,44.56,65.95,46.916666666666664,10.128333333333334,13.333333333333334,sky is clear
2014-04-29,50.40375,45.68208333333334,44.55,58.96,60.958333333333336,15.619583333333333,68.33333333333333,overcast clouds
2014-04-30,44.65857142857143,37.656666666666666,41.34,49.96,86.92857142857143,15.78047619047619,100.0,mist
2014-05-01,58.9485294117647,57.60470588235294,46.35,78.76,82.23529411764706,11.424999999999999,80.44117647058823,mist
2014-05-02,63.865833333333335,62.33166666666667,55.02,73.36,50.625,12.8025,76.25,broken clouds
2014-05-03,61.79333333333333,59.560833333333335,51.76,70.95,40.166666666666664,10.373333333333333,24.583333333333332,sky is clear
2014-05-04,58.3775,56.5425,52.95,66.16,55.958333333333336,17.504166666666666,60.208333333333336,light rain
2014-05-05,58.65708333333333,55.96125,49.95,70.95,36.958333333333336,19.5725,7.291666666666667,sky is clear
2014-05-06,60.98041666666666,58.24458333333333,51.76,71.56,31.166666666666668,11.197916666666666,36.25,sky is clear
2014-05-07,59.67166666666666,56.84916666666666,49.95,71.28,32.125,9.940416666666666,0.0,sky is clear
2014-05-08,55.518787878787876,54.593636363636364,51.94,61.14,81.33333333333333,7.873636363636363,86.36363636363636,mist
2014-05-09,57.50230769230769,57.18807692307693,52.16,63.95,90.11538461538461,7.273846153846154,100.0,mist
2014-05-10,65.08346153846153,65.31923076923077,53.01,84.24,85.15384615384616,9.823846153846155,78.26923076923077,mist
2014-05-11,69.83384615384615,69.1223076923077,59.95,82.36,54.23076923076923,13.517307692307693,27.5,sky is clear
2014-05-12,73.66125000000001,72.76541666666667,57.16,86.04,43.291666666666664,7.73125,20.416666666666668,sky is clear
2014-05-13,68.865,67.985,58.95,80.56,53.958333333333336,10.798333333333334,12.083333333333334,sky is clear
2014-05-14,57.848749999999995,56.55875,50.0,72.27,68.625,8.540000000000001,58.125,overcast clouds
2014-05-15,62.39272727272727,62.594545454545454,53.55,73.92,90.6969696969697,8.913939393939394,100.0,mist
2014-05-16,65.68882352941176,66.24470588235295,61.0,69.96,91.17647058823529,18.915588235294116,100.0,mist
2014-05-17,62.471428571428575,61.708214285714284,52.95,72.27,70.03571428571429,12.709285714285715,46.07142857142857,sky is clear
2014-05-18,60.712916666666665,58.50208333333333,51.94,66.27,42.916666666666664,9.988333333333333,24.375,sky is clear
2014-05-19,61.10916666666666,58.598749999999995,49.95,73.94,35.75,13.641666666666666,18.541666666666668,sky is clear
2014-05-20,66.63041666666668,64.77458333333333,54.16,79.95,37.916666666666664,12.099166666666667,9.583333333333334,sky is clear
2014-05-21,70.13833333333334,68.81,63.95,75.54,41.625,9.890833333333333,58.125,overcast clouds
2014-05-22,63.2651724137931,63.029999999999994,58.95,71.56,79.48275862068965,7.831034482758621,95.6896551724138,mist
2014-05-23,62.72571428571428,62.53892857142857,57.0,71.94,81.67857142857143,7.79,94.64285714285714,mist
2014-05-24,60.20727272727272,59.81939393939394,56.37,71.94,82.81818181818181,9.044848484848485,92.12121212121212,mist
2014-05-25,65.85541666666667,65.39791666666666,54.95,82.27,67.70833333333333,7.730833333333333,17.708333333333332,sky is clear
2014-05-26,74.97541666666667,73.52833333333334,62.56,89.24,40.75,11.89625,6.25,sky is clear
2014-05-27,79.03666666666668,78.61541666666666,68.95,88.27,44.375,11.805416666666666,16.25,sky is clear
2014-05-28,62.6325,62.15375,54.16,84.9,74.70833333333333,13.786666666666667,68.33333333333333,overcast clouds
2014-05-29,56.526666666666664,54.88333333333333,50.16,65.95,63.916666666666664,11.387916666666667,62.708333333333336,overcast clouds
2014-05-30,63.36333333333334,61.833333333333336,54.95,77.27,51.75,5.772916666666667,65.0,overcast clouds
2014-05-31,64.68166666666666,63.6,57.27,74.95,58.541666666666664,14.305833333333334,32.291666666666664,sky is clear
2014-06-01,65.16833333333334,63.60125,54.95,78.28,47.125,7.545416666666667,20.208333333333332,sky is clear
2014-06-02,69.88708333333334,68.62166666666667,55.36,83.26,41.5,11.532916666666667,0.0,sky is clear
2014-06-03,75.6228,75.7096,65.95,87.28,57.16,10.2388,12.0,sky is clear
2014-06-04,71.29125,71.76083333333334,62.04,85.26,75.79166666666667,8.737499999999999,28.125,mist
2014-06-05,67.45558823529412,67.75882352941177,61.27,77.23,82.05882352941177,11.360294117647058,88.08823529411765,light rain
2014-06-06,68.27666666666667,67.18166666666666,60.75,77.23,50.541666666666664,14.592083333333333,53.333333333333336,broken clouds
2014-06-07,71.8975,71.08833333333334,61.14,84.24,49.958333333333336,8.31375,4.166666666666667,sky is clear
2014-06-08,75.55958333333334,74.8525,64.36,89.28,49.0,8.357916666666666,1.6666666666666667,sky is clear
2014-06-09,67.10625,67.2965625,62.04,77.04,80.40625,8.7775,80.3125,mist
2014-06-10,69.47166666666666,70.09291666666667,62.55,78.76,84.625,9.019583333333333,88.75,mist
2014-06-11,67.14962962962963,67.3488888888889,61.14,75.16,80.55555555555556,11.441481481481482,85.37037037037037,light rain
2014-06-12,64.8984,65.064,58.26,75.9,84.6,10.5184,100.0,overcast clouds
2014-06-13,69.0348717948718,69.86128205128206,62.04,81.23,90.33333333333333,9.624871794871796,89.35897435897436,mist
2014-06-14,69.71961538461538,69.89615384615385,64.94,76.23,74.57692307692308,12.196153846153846,60.96153846153846,mist
2014-06-15,67.98791666666666,67.205,58.95,81.95,56.25,13.246250000000002,0.0,sky is clear
2014-06-16,73.185,72.89083333333333,64.0,82.04,55.875,7.691666666666666,0.8333333333333334,sky is clear
2014-06-17,77.83041666666666,78.95916666666666,68.0,93.27,60.166666666666664,8.363333333333333,11.25,sky is clear
2014-06-18,84.10208333333334,85.41624999999999,75.0,92.23,51.833333333333336,16.310416666666665,0.0,sky is clear
2014-06-19,76.10916666666667,76.35958333333333,67.95,87.76,64.08333333333333,8.832916666666668,38.75,light rain
2014-06-20,72.9204,72.4488,62.94,83.95,52.64,11.2328,10.2,sky is clear
2014-06-21,71.09416666666667,69.9325,62.04,79.14,43.166666666666664,11.038333333333334,1.6666666666666667,sky is clear
2014-06-22,70.54541666666667,69.99958333333333,62.56,81.27,57.083333333333336,7.44875,39.583333333333336,sky is clear
2014-06-23,72.50416666666666,72.0825,64.24,84.24,55.25,8.696250000000001,9.583333333333334,sky is clear
2014-06-24,73.41041666666666,73.24791666666667,66.16,82.36,59.875,12.787916666666668,15.833333333333334,sky is clear
2014-06-25,75.36625,76.46541666666667,69.01,86.04,72.875,12.34125,45.833333333333336,sky is clear
2014-06-26,76.70071428571428,78.22678571428571,70.95,88.95,77.85714285714286,10.043214285714285,56.785714285714285,broken clouds
2014-06-27,75.83291666666666,76.23875,67.95,84.16,62.25,9.322083333333333,58.958333333333336,overcast clouds
2014-06-28,74.86291666666666,74.11,64.36,87.76,51.75,7.075833333333333,1.6666666666666667,sky is clear
2014-06-29,74.90583333333333,74.71916666666667,66.16,82.74,52.875,8.852916666666667,1.6666666666666667,sky is clear
2014-06-30,75.96625,76.14375,66.16,85.96,56.916666666666664,10.802083333333334,14.375,sky is clear
2014-07-01,79.18666666666667,81.19083333333333,71.56,93.16,66.625,12.054583333333333,18.958333333333332,sky is clear
2014-07-02,81.712,84.6952,73.36,93.16,67.24,12.8544,16.8,sky is clear
2014-07-03,77.16064516129032,79.95032258064516,73.35,87.96,84.64516129032258,7.454193548387097,33.064516129032256,mist
2014-07-04,70.31448275862068,71.09206896551724,66.0,78.06,86.10344827586206,13.117586206896553,66.20689655172414,mist
2014-07-05,71.45833333333333,70.55083333333333,62.56,84.16,47.25,16.289583333333333,10.0,sky is clear
2014-07-06,76.33041666666666,75.46625,64.36,87.76,43.708333333333336,11.815,0.0,sky is clear
2014-07-07,80.00833333333334,80.57666666666667,71.94,91.92,54.375,15.36,22.291666666666668,sky is clear
2014-07-08,81.288,83.00040000000001,71.49,93.16,63.52,13.604000000000001,19.0,sky is clear
2014-07-09,79.17833333333333,80.53958333333334,71.56,89.56,63.166666666666664,13.6825,14.791666666666666,sky is clear
2014-07-10,75.65166666666667,76.02374999999999,69.75,82.74,64.16666666666667,8.24875,24.791666666666668,sky is clear
2014-07-11,77.095,76.88208333333334,71.04,85.35,54.083333333333336,8.30625,33.333333333333336,sky is clear
2014-07-12,76.5725,76.83541666666666,69.76,85.98,59.833333333333336,8.238750000000001,12.916666666666666,sky is clear
2014-07-13,76.00333333333333,76.85916666666667,71.55,84.16,69.75,12.777916666666668,37.083333333333336,sky is clear
2014-07-14,75.9423076923077,77.44884615384616,70.14,84.16,83.8076923076923,8.431923076923077,66.73076923076923,light rain
2014-07-15,75.31741935483872,76.93677419354839,73.02,85.98,89.51612903225806,9.031290322580647,82.74193548387096,mist
2014-07-16,74.06538461538462,74.89692307692307,67.96,85.23,78.03846153846153,9.136153846153848,63.26923076923077,mist
2014-07-17,74.44291666666668,74.15083333333334,63.97,82.36,53.333333333333336,7.935,22.5,sky is clear
2014-07-18,74.66625,74.165,64.74,84.94,49.458333333333336,8.4,0.0,sky is clear
2014-07-19,73.31958333333334,73.0525,67.96,79.23,57.416666666666664,7.404583333333334,61.666666666666664,broken clouds
2014-07-20,71.83083333333333,71.85208333333334,66.15,79.14,66.70833333333333,10.90125,50.625,broken clouds
2014-07-21,73.39041666666667,73.84541666666667,61.97,86.95,68.75,5.895833333333333,11.666666666666666,sky is clear
2014-07-22,76.89125,78.19791666666667,64.96,89.56,65.625,9.694583333333334,8.958333333333334,sky is clear
2014-07-23,80.41458333333334,83.73083333333334,71.56,91.96,65.75,12.299999999999999,21.458333333333332,sky is clear
2014-07-24,76.36962962962963,77.3788888888889,70.97,87.94,71.74074074074075,10.613703703703704,66.66666666666667,broken clouds
2014-07-25,74.25583333333334,73.80541666666666,64.96,85.23,52.458333333333336,9.836666666666668,21.041666666666668,sky is clear
2014-07-26,74.48666666666666,74.5425,65.97,82.27,63.166666666666664,10.517083333333334,28.333333333333332,sky is clear
2014-07-27,77.2088,79.07600000000001,69.76,89.56,73.44,10.235199999999999,45.0,sky is clear
2014-07-28,76.4475,77.38571428571429,67.96,86.23,72.75,13.156071428571428,59.464285714285715,light rain
2014-07-29,70.10458333333334,69.4725,62.96,80.28,56.5,14.736666666666666,22.083333333333332,sky is clear
2014-07-30,71.64541666666666,71.07291666666667,60.96,81.95,50.708333333333336,8.6075,34.791666666666664,sky is clear
2014-07-31,73.81041666666667,73.67208333333333,61.97,84.16,56.958333333333336,10.522499999999999,30.625,sky is clear
2014-08-01,75.40041666666666,76.03750000000001,69.76,84.0,69.625,8.98,20.0,sky is clear
2014-08-02,70.10275862068966,70.46241379310344,63.27,76.96,77.62068965517241,9.63655172413793,74.3103448275862,mist
2014-08-03,68.72533333333332,69.09066666666666,64.96,76.96,80.73333333333333,5.728666666666667,72.0,mist
2014-08-04,75.40041666666666,76.34083333333334,68.34,85.96,70.875,7.696666666666666,49.791666666666664,overcast clouds
2014-08-05,79.05874999999999,79.22541666666666,67.96,89.56,58.25,6.55,3.9583333333333335,sky is clear
2014-08-06,76.78583333333333,76.895,71.49,84.16,59.208333333333336,10.22125,8.125,sky is clear
2014-08-07,74.835,74.20291666666667,66.16,84.16,48.291666666666664,10.556666666666667,9.791666666666666,sky is clear
2014-08-08,73.51625,72.77083333333333,64.36,82.74,46.958333333333336,10.50625,5.0,sky is clear
2014-08-09,76.39166666666667,75.55833333333334,66.16,86.43,46.583333333333336,6.300000000000001,3.9583333333333335,sky is clear
2014-08-10,77.65291666666667,77.08208333333333,64.18,88.14,48.541666666666664,6.82375,13.333333333333334,sky is clear
2014-08-11,78.01916666666666,77.61708333333333,67.96,85.98,47.458333333333336,7.39125,11.041666666666666,sky is clear
2014-08-12,75.0092,75.488,71.56,80.55,70.88,13.1732,43.6,sky is clear
2014-08-13,72.15941176470588,73.16823529411765,68.34,84.16,83.94117647058823,17.284705882352938,92.20588235294117,mist
2014-08-14,71.19416666666666,70.56208333333333,62.56,78.96,54.25,14.36625,11.25,sky is clear
2014-08-15,68.63708333333334,67.54583333333333,58.96,76.98,49.875,11.471666666666666,31.25,sky is clear
2014-08-16,70.47291666666666,69.56333333333333,57.16,80.56,49.875,9.32875,22.5,sky is clear
2014-08-17,74.03041666666667,73.62583333333333,66.16,84.16,52.083333333333336,10.034583333333334,41.25,sky is clear
2014-08-18,72.425,71.86166666666666,62.56,82.36,51.25,11.329583333333334,11.25,sky is clear
2014-08-19,72.6775,72.40583333333333,62.56,81.88,57.541666666666664,9.220416666666667,12.916666666666666,sky is clear
2014-08-20,75.51541666666667,75.73208333333334,69.76,83.37,62.875,7.32375,27.916666666666668,sky is clear
2014-08-21,74.36333333333333,74.53541666666666,66.16,82.74,62.5,8.174999999999999,36.25,sky is clear
2014-08-22,70.57107142857143,71.00892857142857,66.15,77.43,78.32142857142857,8.825357142857143,79.10714285714286,light rain
2014-08-23,70.83875,70.72458333333334,66.15,76.35,65.95833333333333,9.842916666666666,79.375,overcast clouds
2014-08-24,71.0296,70.9556,62.56,80.55,65.84,7.897200000000001,36.2,sky is clear
2014-08-25,74.2375,73.81125,62.56,88.41,60.0,5.822083333333333,0.0,sky is clear
2014-08-26,78.295,78.73708333333333,67.96,88.14,58.25,6.600833333333334,0.8333333333333334,sky is clear
2014-08-27,78.56291666666667,78.90208333333334,65.97,91.36,56.458333333333336,8.990833333333333,0.0,sky is clear
2014-08-28,77.02666666666666,77.06666666666666,68.95,84.16,52.208333333333336,12.577916666666667,23.958333333333332,sky is clear
2014-08-29,70.20416666666667,69.24875,59.97,79.41,48.166666666666664,10.033333333333333,6.458333333333333,sky is clear
2014-08-30,71.63458333333334,71.28166666666667,61.97,79.41,59.041666666666664,8.034583333333332,39.583333333333336,sky is clear
2014-08-31,77.1853846153846,78.77461538461537,70.97,93.16,73.03846153846153,11.129615384615384,81.92307692307692,overcast clouds
2014-09-01,79.37375,81.80958333333334,74.95,91.36,76.5,8.25375,61.041666666666664,broken clouds
2014-09-02,83.72083333333333,86.45875000000001,74.97,94.96,65.20833333333333,9.51,10.416666666666666,sky is clear
2014-09-03,79.91250000000001,80.17791666666666,70.97,89.56,52.666666666666664,12.620833333333332,1.6666666666666667,sky is clear
2014-09-04,78.2725,77.85291666666667,63.97,87.76,49.208333333333336,7.552499999999999,1.6666666666666667,sky is clear
2014-09-05,78.56958333333334,80.60916666666667,70.97,85.96,70.0,9.36125,36.25,sky is clear
2014-09-06,81.31458333333333,83.745,74.97,91.36,73.125,9.562083333333334,28.333333333333332,sky is clear
2014-09-07,72.98541666666667,72.94416666666667,65.95,80.94,62.458333333333336,9.894166666666667,27.916666666666668,sky is clear
2014-09-08,70.835,70.12958333333334,61.97,76.98,53.375,11.247916666666667,5.625,sky is clear
2014-09-09,68.38458333333334,68.00208333333333,61.97,73.36,65.58333333333333,14.420416666666666,60.416666666666664,overcast clouds
2014-09-10,69.7225,69.47458333333334,61.95,77.43,65.5,11.428333333333333,58.125,overcast clouds
2014-09-11,73.96958333333333,74.69708333333334,65.97,84.16,70.66666666666667,11.094583333333333,70.0,overcast clouds
2014-09-12,70.76208333333334,70.08083333333333,59.97,80.94,56.0,12.13375,27.083333333333332,sky is clear
2014-09-13,64.52814814814815,63.94518518518518,58.96,71.49,69.44444444444444,12.204074074074073,70.18518518518519,overcast clouds
2014-09-14,61.37875,60.25333333333333,52.97,71.56,64.58333333333333,9.456249999999999,17.291666666666668,sky is clear
2014-09-15,63.225,61.617916666666666,52.97,73.36,50.458333333333336,8.499583333333334,4.791666666666667,sky is clear
2014-09-16,63.253793103448274,62.72655172413793,56.95,71.56,73.37931034482759,7.485862068965518,60.689655172413794,sky is clear
2014-09-17,64.75625000000001,63.423750000000005,52.97,73.36,52.958333333333336,6.8687499999999995,18.75,sky is clear
2014-09-18,66.26416666666667,65.08,52.97,76.96,52.916666666666664,6.644583333333333,16.041666666666668,sky is clear
2014-09-19,62.20875,60.66833333333333,52.97,71.56,54.041666666666664,12.904166666666667,19.583333333333332,sky is clear
2014-09-20,65.12291666666667,64.33291666666666,56.95,73.74,63.791666666666664,10.8575,45.0,broken clouds
2014-09-21,70.34307692307692,70.9976923076923,65.95,76.98,83.46153846153847,4.308461538461538,75.0,mist
2014-09-22,68.09833333333333,67.53041666666667,61.95,73.92,62.166666666666664,13.628749999999998,32.708333333333336,sky is clear
2014-09-23,60.44541666666667,58.430416666666666,50.97,73.36,47.708333333333336,8.9425,0.0,sky is clear
2014-09-24,64.56958333333334,63.80833333333334,54.97,71.94,65.54166666666667,9.904166666666667,13.333333333333334,sky is clear
2014-09-25,61.7751724137931,61.26896551724138,57.15,66.54,76.93103448275862,16.732068965517243,76.55172413793103,light rain
2014-09-26,66.22541666666667,65.47541666666667,57.16,78.76,62.25,10.075416666666667,7.291666666666667,sky is clear
2014-09-27,70.97416666666668,70.32833333333333,55.36,84.16,56.333333333333336,5.956250000000001,0.0,sky is clear
2014-09-28,73.54333333333334,73.30041666666666,60.76,84.16,59.208333333333336,4.474166666666666,0.0,sky is clear
2014-09-29,72.88458333333334,72.76125,64.36,79.41,60.541666666666664,6.245833333333334,5.625,sky is clear
2014-09-30,69.36708333333333,69.22666666666667,64.35,73.92,68.54166666666667,8.266250000000001,85.625,overcast clouds
2014-10-01,63.464444444444446,63.315185185185186,60.75,66.54,80.96296296296296,11.352592592592591,100.0,light rain
2014-10-02,63.78708333333333,63.26833333333334,60.06,68.43,72.45833333333333,10.672083333333333,98.95833333333333,overcast clouds
2014-10-03,63.30375,62.42124999999999,55.36,71.94,65.66666666666667,8.5,40.416666666666664,sky is clear
2014-10-04,64.749375,64.7846875,62.04,71.56,82.15625,12.3240625,87.1875,mist
2014-10-05,53.70875,50.105,44.56,62.55,50.125,15.502083333333333,0.0,sky is clear
2014-10-06,58.70791666666667,56.80833333333334,44.56,71.56,53.791666666666664,10.185416666666667,1.6666666666666667,sky is clear
2014-10-07,66.45208333333333,65.67541666666666,62.49,71.94,61.208333333333336,13.787916666666668,36.458333333333336,sky is clear
2014-10-08,66.892,66.3964,62.56,73.36,66.2,16.7848,45.8,few clouds
2014-10-09,63.01666666666667,60.903333333333336,51.76,69.76,40.125,15.137083333333335,3.125,sky is clear
2014-10-10,59.33291666666667,57.028333333333336,49.96,66.15,43.916666666666664,7.9004166666666675,24.583333333333332,sky is clear
2014-10-11,55.004687499999996,53.81125,51.75,62.55,76.78125,9.43625,99.21875,overcast clouds
2014-10-12,54.41375,52.46625,44.56,62.94,64.20833333333333,6.785,7.291666666666667,sky is clear
2014-10-13,59.0224,57.7468,48.16,64.92,66.4,6.0844000000000005,66.0,overcast clouds
2014-10-14,67.22285714285714,67.53035714285714,62.04,76.96,82.67857142857143,9.777857142857144,71.42857142857143,mist
2014-10-15,71.92041666666667,72.51208333333334,69.06,77.43,78.75,14.860416666666666,98.95833333333333,overcast clouds
2014-10-16,69.46,70.13131578947367,64.36,73.35,85.60526315789474,14.066052631578946,88.02631578947368,mist
2014-10-17,65.10708333333334,64.28958333333334,57.16,71.94,63.166666666666664,11.043333333333335,34.583333333333336,sky is clear
2014-10-18,64.4025,63.48083333333333,57.16,70.41,62.5,11.530000000000001,58.541666666666664,overcast clouds
2014-10-19,54.387499999999996,51.73833333333334,48.16,61.41,49.666666666666664,17.62625,65.41666666666667,overcast clouds
2014-10-20,49.38041666666667,45.22083333333333,39.16,62.56,48.375,10.319583333333334,0.8333333333333334,sky is clear
2014-10-21,60.290416666666665,58.81916666666667,53.56,66.54,59.541666666666664,7.028333333333333,37.083333333333336,sky is clear
2014-10-22,55.75764705882353,55.078529411764706,51.76,62.94,86.0,16.431176470588234,90.1470588235294,light rain
2014-10-23,51.60611111111111,50.44166666666666,50.34,53.94,84.5,20.2075,100.0,light rain
2014-10-24,55.11625,53.437083333333334,49.96,67.96,66.16666666666667,14.119583333333333,79.375,overcast clouds
2014-10-25,58.18083333333333,56.07083333333333,48.16,69.76,50.5,11.185,0.0,sky is clear
2014-10-26,59.10708333333333,56.99666666666667,53.49,64.74,48.5,16.145833333333332,53.125,sky is clear
2014-10-27,56.250416666666666,53.70416666666667,48.16,64.36,46.833333333333336,13.251249999999999,23.958333333333332,sky is clear
2014-10-28,60.84375,59.143750000000004,49.96,73.36,53.541666666666664,7.227916666666666,0.0,sky is clear
2014-10-29,65.34666666666666,64.64874999999999,53.49,71.94,65.29166666666667,9.332916666666668,25.833333333333332,sky is clear
2014-10-30,52.98208333333333,50.88833333333333,44.56,60.76,66.16666666666667,10.622916666666667,13.958333333333334,sky is clear
2014-10-31,50.17124999999999,46.80416666666667,42.76,55.74,56.25,11.145416666666668,59.583333333333336,overcast clouds
2014-11-01,47.3228,40.9732,44.49,55.35,74.8,18.895599999999998,100.0,light rain
2014-11-02,44.48875,35.59916666666667,42.51,48.16,57.5,24.148750000000003,67.70833333333333,light rain
2014-11-03,47.50541666666667,41.147083333333335,37.36,62.56,39.958333333333336,16.52375,8.125,sky is clear
2014-11-04,59.49416666666667,56.29916666666667,51.76,71.56,24.583333333333332,10.707916666666668,48.541666666666664,sky is clear
2014-11-05,61.07875000000001,58.79666666666666,53.56,64.92,40.666666666666664,11.8025,1.6666666666666667,sky is clear
2014-11-06,51.81441176470588,49.63441176470588,48.15,58.98,76.0,6.718529411764706,85.29411764705883,light rain
2014-11-07,49.31333333333333,45.01541666666666,44.56,53.56,68.04166666666667,15.7475,67.70833333333333,overcast clouds
2014-11-08,42.15625,35.4175,33.76,47.88,50.875,13.246250000000002,5.625,sky is clear
2014-11-09,50.038333333333334,46.52666666666667,44.56,57.54,50.791666666666664,8.980833333333333,44.375,sky is clear
2014-11-10,52.14166666666667,50.32333333333333,37.36,61.41,48.208333333333336,5.045833333333333,0.0,sky is clear
2014-11-11,56.64833333333333,55.393750000000004,42.76,64.74,71.95833333333333,6.785833333333334,32.083333333333336,sky is clear
2014-11-12,60.156000000000006,59.68600000000001,55.02,66.16,81.16,7.6616,80.6,mist
2014-11-13,46.00625,41.96,37.36,56.37,55.166666666666664,8.8825,33.125,sky is clear
2014-11-14,38.65793103448276,30.694827586206895,35.56,43.14,68.58620689655173,13.866206896551724,65.51724137931035,sky is clear
2014-11-15,37.36875,29.545416666666668,30.16,43.14,44.875,12.094999999999999,3.3333333333333335,sky is clear
2014-11-16,40.111666666666665,35.704166666666666,28.36,44.94,44.875,6.695833333333334,56.25,overcast clouds
2014-11-17,44.117179487179484,40.487692307692306,39.0,51.75,84.12820512820512,6.715641025641026,100.0,light rain
2014-11-18,36.6475,26.687083333333334,26.56,51.75,49.291666666666664,20.241666666666667,27.916666666666668,sky is clear
2014-11-19,26.957083333333333,15.541666666666666,21.15,33.76,38.083333333333336,15.947916666666666,0.0,sky is clear
2014-11-20,38.259166666666665,30.24875,28.36,46.36,40.916666666666664,13.939166666666667,55.208333333333336,overcast clouds
2014-11-21,33.062916666666666,21.989166666666666,24.76,41.43,36.083333333333336,18.44125,2.5,sky is clear
2014-11-22,34.15416666666667,26.50583333333333,22.96,44.56,38.125,10.803333333333333,15.625,sky is clear
2014-11-23,47.49,42.53791666666667,42.75,56.37,36.291666666666664,10.035833333333334,44.375,sky is clear
2014-11-24,59.97933333333334,59.431000000000004,48.15,73.36,79.86666666666666,15.738666666666667,70.66666666666667,sky is clear
2014-11-25,60.911249999999995,59.10833333333333,48.16,67.35,51.166666666666664,12.95875,7.291666666666667,sky is clear
2014-11-26,41.0954054054054,33.67108108108108,33.75,53.55,71.43243243243244,13.856216216216215,77.70270270270271,mist
2014-11-27,36.38,27.8959375,35.04,37.92,81.21875,13.94125,100.0,overcast clouds
2014-11-28,34.09708333333334,24.227500000000003,28.36,37.74,58.375,15.424166666666666,33.75,sky is clear
2014-11-29,31.558333333333334,25.286666666666665,22.96,36.39,45.041666666666664,6.889166666666667,32.291666666666664,sky is clear
2014-11-30,47.24458333333333,42.977916666666665,35.56,53.94,52.0,9.424166666666666,87.5,overcast clouds
2014-12-01,56.124583333333334,53.87166666666667,46.36,66.16,56.333333333333336,10.229583333333332,82.70833333333333,overcast clouds
2014-12-02,39.947916666666664,31.826666666666668,33.76,46.35,61.333333333333336,14.9425,67.70833333333333,light rain
2014-12-03,43.91586206896552,38.41275862068966,40.95,46.92,86.13793103448276,10.810689655172414,100.0,mist
2014-12-04,41.73416666666667,34.74041666666667,31.96,46.36,48.541666666666664,13.357083333333334,0.8333333333333334,sky is clear
2014-12-05,38.7175,31.652916666666666,30.16,44.94,59.791666666666664,11.231666666666667,46.25,sky is clear
2014-12-06,45.02046511627907,41.413953488372094,39.16,50.43,90.06976744186046,7.0774418604651155,100.0,mist
2014-12-07,39.325714285714284,29.40892857142857,33.76,46.35,67.42857142857143,21.013214285714287,44.285714285714285,sky is clear
2014-12-08,29.670833333333334,18.004583333333333,24.75,35.94,47.416666666666664,17.38375,46.458333333333336,sky is clear
2014-12-09,38.79416666666666,28.24527777777778,31.96,44.58,85.5,23.084444444444447,100.0,mist
2014-12-10,38.15363636363636,28.95212121212121,32.34,44.56,82.0,16.953030303030303,100.0,mist
2014-12-11,34.485,23.87576923076923,30.15,39.16,63.23076923076923,17.946923076923078,96.73076923076923,light snow
2014-12-12,34.88916666666667,25.375416666666666,31.95,39.16,57.833333333333336,15.074583333333335,82.91666666666667,overcast clouds
2014-12-13,37.77125,28.554999999999996,33.76,44.56,57.416666666666664,16.715833333333332,44.166666666666664,sky is clear
2014-12-14,41.27583333333333,33.94041666666667,37.35,46.74,60.75,13.838333333333333,44.583333333333336,sky is clear
2014-12-15,41.89666666666667,37.446666666666665,35.56,48.54,60.416666666666664,7.170000000000001,0.0,sky is clear
2014-12-16,43.42958333333333,39.64083333333333,33.76,48.9,73.20833333333333,6.56625,53.125,sky is clear
2014-12-17,47.606785714285714,43.67142857142857,42.75,53.94,78.60714285714286,10.622142857142858,88.03571428571429,mist
2014-12-18,41.34708333333334,32.621249999999996,37.35,48.16,52.0,18.580000000000002,85.0,overcast clouds
2014-12-19,36.8725,27.525833333333335,33.51,39.54,55.458333333333336,16.040833333333335,55.625,overcast clouds
2014-12-20,32.01375,24.00208333333333,30.15,34.14,59.625,9.844583333333334,88.54166666666667,overcast clouds
2014-12-21,32.72541666666667,25.907083333333333,30.54,35.94,68.95833333333333,7.923333333333333,100.0,overcast clouds
2014-12-22,37.81791666666667,31.454166666666666,33.75,43.41,79.83333333333333,9.412083333333333,100.0,overcast clouds
2014-12-23,44.6978125,38.929375,42.75,46.74,90.03125,11.7040625,100.0,mist
2014-12-24,45.71441176470588,40.92,42.75,51.75,94.97058823529412,9.76529411764706,100.0,mist
2014-12-25,54.25222222222222,52.73185185185185,48.15,64.36,73.22222222222223,15.359629629629628,82.77777777777777,mist
2014-12-26,45.24625,39.73416666666667,33.76,51.76,50.708333333333336,11.2475,0.0,sky is clear
2014-12-27,45.73208333333333,42.15291666666666,35.17,55.47,50.916666666666664,6.380833333333334,0.0,sky is clear
2014-12-28,46.60458333333333,42.605,42.26,53.49,64.70833333333333,8.57375,54.791666666666664,sky is clear
2014-12-29,41.191250000000004,34.621249999999996,34.75,48.45,48.291666666666664,11.539166666666667,13.125,sky is clear
2014-12-30,32.83583333333333,25.44458333333333,28.06,39.45,48.458333333333336,9.086666666666666,15.625,sky is clear
2014-12-31,29.08875,22.136666666666667,24.89,32.56,41.791666666666664,8.0725,41.458333333333336,sky is clear
2015-01-01,30.133750000000003,19.99875,24.17,39.45,36.708333333333336,13.32875,0.0,sky is clear
2015-01-02,37.500416666666666,28.872083333333332,33.51,42.51,39.5,14.485,17.5,sky is clear
2015-01-03,34.94833333333334,27.779333333333334,27.05,42.64,66.13333333333334,9.491333333333333,48.0,sky is clear
2015-01-04,44.6615625,40.5553125,37.02,56.62,90.96875,9.639375,91.875,mist
2015-01-05,42.1624,34.0492,28.9,56.64,47.48,20.67,46.2,sky is clear
2015-01-06,21.90833333333333,12.167916666666665,17.58,30.34,51.208333333333336,10.327083333333333,49.791666666666664,sky is clear
2015-01-07,20.767916666666668,8.598333333333333,15.93,24.96,54.833333333333336,17.00875,22.916666666666668,sky is clear
2015-01-08,13.540833333333333,1.2558333333333334,7.45,20.68,42.958333333333336,16.386666666666667,0.8333333333333334,sky is clear
2015-01-09,24.14576923076923,12.204230769230769,15.46,33.51,51.15384615384615,15.065,50.96153846153846,sky is clear
2015-01-10,21.15458333333333,8.909583333333334,15.87,30.45,39.333333333333336,15.305,0.0,sky is clear
2015-01-11,23.374166666666667,13.748333333333333,15.6,37.47,37.208333333333336,9.870833333333334,23.958333333333332,sky is clear
2015-01-12,35.259655172413794,30.139310344827585,32.14,38.37,66.13793103448276,6.240689655172414,84.82758620689656,mist
2015-01-13,30.615,20.416666666666668,19.62,39.0,63.541666666666664,14.11125,52.5,sky is clear
2015-01-14,21.75791666666667,10.9475,14.36,32.43,58.5,10.485,41.041666666666664,sky is clear
2015-01-15,29.59583333333333,21.61791666666667,24.94,35.4,59.791666666666664,8.919583333333334,62.083333333333336,overcast clouds
2015-01-16,32.483333333333334,22.56833333333333,26.28,42.51,47.25,14.969166666666666,25.0,sky is clear
2015-01-17,22.685000000000002,11.95875,15.35,30.43,42.208333333333336,13.804166666666667,0.0,sky is clear
2015-01-18,34.57861111111111,29.674999999999997,24.64,44.73,80.94444444444444,5.780277777777778,73.33333333333333,sky is clear
2015-01-19,38.17423076923077,30.537692307692307,34.32,42.26,69.23076923076923,13.465769230769231,78.84615384615384,overcast clouds
2015-01-20,35.92958333333333,28.21666666666667,30.0,40.35,50.166666666666664,11.063749999999999,67.91666666666667,overcast clouds
2015-01-21,29.214583333333334,21.528750000000002,20.14,38.37,41.666666666666664,8.20125,31.666666666666668,sky is clear
2015-01-22,32.81458333333333,27.379166666666666,28.47,39.45,53.583333333333336,6.2820833333333335,79.16666666666667,overcast clouds
2015-01-23,31.236666666666668,22.415833333333335,21.43,38.37,50.416666666666664,11.474166666666667,4.791666666666667,sky is clear
2015-01-24,34.4,27.3553125,31.98,38.37,82.75,9.3459375,90.625,mist
2015-01-25,36.46375,27.49,32.41,42.51,53.0,14.70875,32.916666666666664,sky is clear
2015-01-26,26.021851851851853,14.54037037037037,21.16,36.39,61.2962962962963,16.967777777777776,91.11111111111111,light snow
2015-01-27,24.895925925925923,12.743703703703703,21.0,30.45,74.4074074074074,17.705185185185186,84.07407407407408,snow
2015-01-28,22.30333333333333,10.720833333333333,14.72,33.51,46.791666666666664,13.767083333333332,5.625,sky is clear
2015-01-29,20.669583333333332,11.830833333333333,4.91,33.51,43.416666666666664,7.4004166666666675,16.875,sky is clear
2015-01-30,33.062592592592594,24.582962962962963,28.31,38.37,69.11111111111111,12.550740740740741,92.96296296296296,light snow
2015-01-31,19.23125,6.6312500000000005,10.42,28.47,44.75,24.867499999999996,0.0,sky is clear
2015-02-01,24.06375,14.6,13.24,36.39,50.5,10.14125,47.916666666666664,sky is clear
2015-02-02,30.86325581395349,21.18674418604651,22.68,37.13,85.23255813953489,13.911162790697674,100.0,mist
2015-02-03,17.944583333333334,6.08625,7.39,28.02,61.333333333333336,15.584166666666667,11.458333333333334,sky is clear
2015-02-04,25.707083333333333,17.987916666666667,9.18,40.3,56.958333333333336,7.055,51.458333333333336,overcast clouds
2015-02-05,31.54625,22.81041666666667,19.54,42.51,54.5,14.513333333333334,56.666666666666664,sky is clear
2015-02-06,15.505416666666667,3.144166666666667,2.97,27.39,43.583333333333336,15.435833333333333,13.333333333333334,sky is clear
2015-02-07,25.303749999999997,16.768333333333334,15.21,38.66,49.583333333333336,8.304166666666667,64.58333333333333,overcast clouds
2015-02-08,34.42541666666667,27.144166666666667,30.18,39.83,79.04166666666667,10.272083333333333,86.25,haze
2015-02-09,28.5708,16.6648,24.28,35.69,76.2,17.3932,100.0,light snow
2015-02-10,29.054166666666664,18.735416666666666,24.69,39.45,65.75,12.984166666666667,90.0,overcast clouds
2015-02-11,27.671666666666667,17.86916666666667,19.83,34.41,52.75,11.856666666666667,0.0,sky is clear
2015-02-12,29.978333333333335,22.375833333333333,22.1,39.0,60.041666666666664,8.685833333333333,73.54166666666667,overcast clouds
2015-02-13,15.979583333333332,3.47,5.72,34.41,42.0,20.98125,10.833333333333334,sky is clear
2015-02-14,19.016666666666666,9.700416666666667,5.45,32.43,44.541666666666664,8.369583333333333,60.833333333333336,overcast clouds
2015-02-15,18.368750000000002,6.559583333333333,9.82,29.37,57.125,23.124583333333334,69.79166666666667,overcast clouds
2015-02-16,8.962083333333334,-3.3791666666666664,0.21,21.0,40.125,17.746666666666666,0.0,sky is clear
2015-02-17,18.73375,9.499166666666667,12.92,28.02,55.166666666666664,7.521666666666667,73.125,light snow
2015-02-18,19.495,11.663333333333334,4.15,31.35,54.75,6.021249999999999,15.833333333333334,sky is clear
2015-02-19,19.805416666666666,8.237916666666667,11.55,29.37,46.333333333333336,17.224166666666665,45.625,overcast clouds
2015-02-20,9.39875,-3.20125,-0.47,19.92,38.666666666666664,20.905833333333334,5.625,sky is clear
2015-02-21,17.07346153846154,6.006538461538461,2.16,29.75,50.80769230769231,9.730384615384615,35.96153846153846,sky is clear
2015-02-22,33.078529411764706,28.80676470588235,26.29,43.05,82.05882352941177,4.626176470588235,79.8529411764706,mist
2015-02-23,27.559166666666666,16.951249999999998,15.15,40.35,46.791666666666664,16.208333333333332,24.583333333333332,sky is clear
2015-02-24,10.445416666666667,-0.6245833333333334,-4.27,22.95,42.541666666666664,11.4375,0.0,sky is clear
2015-02-25,23.685000000000002,13.862499999999999,6.28,37.47,48.583333333333336,10.261666666666667,7.291666666666667,sky is clear
2015-02-26,25.325833333333335,15.284583333333332,19.63,36.39,46.791666666666664,10.643749999999999,49.791666666666664,sky is clear
2015-02-27,22.47,13.10375,11.16,30.72,47.875,8.49,26.875,sky is clear
2015-02-28,20.290833333333335,10.871250000000002,5.0,30.49,36.083333333333336,8.892916666666666,0.0,sky is clear
2015-03-01,23.568846153846152,17.006153846153847,10.76,30.45,48.61538461538461,5.980384615384616,58.46153846153846,sky is clear
2015-03-02,31.8764,25.303600000000003,25.81,38.37,65.2,10.3544,68.8,haze
2015-03-03,25.7164,15.9268,10.71,35.49,51.88,11.57,32.8,sky is clear
2015-03-04,37.84125,31.10625,29.05,46.92,82.03125,9.88375,98.4375,haze
2015-03-05,31.196666666666665,22.157555555555554,19.74,44.55,87.42222222222222,11.922222222222222,100.0,mist
2015-03-06,19.74125,9.517916666666666,11.97,26.94,49.666666666666664,10.76375,15.0,sky is clear
2015-03-07,25.907083333333333,15.2325,9.97,38.37,47.5,12.535416666666668,15.416666666666666,sky is clear
2015-03-08,41.34625,35.692083333333336,29.97,49.35,45.583333333333336,10.895416666666668,67.70833333333333,overcast clouds
2015-03-09,46.622083333333336,42.33583333333333,31.96,54.39,40.958333333333336,9.610833333333334,25.0,sky is clear
2015-03-10,46.7368,43.6796,31.93,52.41,55.4,6.8364,27.6,sky is clear
2015-03-11,47.117,43.991,36.95,59.43,76.63333333333334,8.292,57.833333333333336,mist
2015-03-12,43.687916666666666,35.650416666666665,38.89,55.47,28.458333333333332,19.013749999999998,0.0,sky is clear
2015-03-13,35.43958333333333,28.13625,26.28,43.41,26.25,9.953333333333333,0.0,sky is clear
2015-03-14,42.25823529411765,36.98735294117647,36.86,51.06,81.61764705882354,9.191176470588236,86.47058823529412,mist
2015-03-15,42.70576923076923,35.653076923076924,38.97,48.18,67.65384615384616,15.289230769230768,95.0,overcast clouds
2015-03-16,38.95166666666667,32.34083333333333,31.51,51.51,51.916666666666664,10.784166666666666,24.375,sky is clear
2015-03-17,45.537083333333335,42.04416666666667,38.89,56.95,55.833333333333336,12.713333333333333,77.5,overcast clouds
2015-03-18,34.485416666666666,22.888333333333335,28.92,40.6,37.0,22.528333333333332,40.625,sky is clear
2015-03-19,32.503750000000004,23.413749999999997,24.33,42.51,32.416666666666664,12.359583333333333,7.291666666666667,sky is clear
2015-03-20,32.782000000000004,24.643666666666665,29.08,40.35,53.4,10.602666666666666,62.5,sky is clear
2015-03-21,33.81035714285714,26.678571428571427,28.92,46.2,78.57142857142857,9.787142857142857,86.42857142857143,mist
2015-03-22,39.25083333333333,30.657083333333333,31.6,48.0,43.541666666666664,15.947083333333332,17.083333333333332,sky is clear
2015-03-23,30.577083333333334,20.27375,21.97,39.38,35.5,14.214583333333332,0.0,sky is clear
2015-03-24,32.430416666666666,25.129166666666666,24.67,44.49,31.583333333333332,8.657916666666667,28.75,sky is clear
2015-03-25,35.32958333333333,30.74875,24.17,47.37,49.375,6.89875,20.833333333333332,sky is clear
2015-03-26,47.05766666666667,45.09766666666667,37.38,58.35,86.63333333333334,5.348,99.16666666666667,mist
2015-03-27,44.925862068965515,40.495517241379304,38.66,61.41,78.55172413793103,10.20448275862069,100.0,overcast clouds
2015-03-28,37.6025,29.845416666666665,33.06,44.94,53.416666666666664,12.182083333333333,97.91666666666667,overcast clouds
2015-03-29,33.29208333333333,24.34166666666667,25.41,46.47,37.625,12.377916666666666,55.0,overcast clouds
2015-03-30,41.692083333333336,35.691250000000004,35.53,53.49,44.25,12.302916666666667,55.0,overcast clouds
2015-03-31,42.24875,36.2175,36.0,51.51,56.708333333333336,11.063749999999999,52.5,sky is clear
2015-04-01,39.376799999999996,33.2888,31.33,51.94,56.6,9.6992,22.24,sky is clear
2015-04-02,47.23833333333334,43.762499999999996,33.17,67.35,31.5,10.0475,0.0,sky is clear
2015-04-03,57.918749999999996,56.004999999999995,52.09,64.47,55.208333333333336,11.250416666666666,60.833333333333336,light rain
2015-04-04,52.655833333333334,49.723749999999995,46.76,62.49,60.125,17.092916666666667,63.333333333333336,mist
2015-04-05,47.892500000000005,42.94208333333333,37.87,61.27,31.708333333333332,12.84375,29.791666666666668,sky is clear
2015-04-06,50.20708333333334,47.35833333333333,38.55,66.27,58.875,8.93875,12.5,sky is clear
2015-04-07,53.448,51.1536,44.58,62.49,66.76,8.7156,79.8,light rain
2015-04-08,43.38777777777778,36.62222222222222,39.9,46.6,72.92592592592592,13.81074074074074,100.0,overcast clouds
2015-04-09,39.760666666666665,31.976333333333333,37.02,42.53,81.8,13.825,100.0,overcast clouds
2015-04-10,44.55538461538462,40.934230769230766,39.18,57.7,88.15384615384616,7.046153846153846,99.03846153846153,mist
2015-04-11,53.83375,51.326249999999995,48.79,58.73,51.291666666666664,16.834166666666665,13.75,sky is clear
2015-04-12,50.145833333333336,46.11416666666667,39.29,66.45,39.333333333333336,9.38625,0.0,sky is clear
2015-04-13,55.17124999999999,52.798750000000005,43.5,71.22,46.166666666666664,10.243333333333334,0.0,sky is clear
2015-04-14,58.77916666666667,56.906666666666666,53.94,65.61,54.208333333333336,8.500833333333334,50.625,sky is clear
2015-04-15,58.11708333333333,55.00958333333333,49.12,71.49,29.333333333333332,9.265416666666667,9.583333333333334,sky is clear
2015-04-16,55.75208333333333,52.65875,46.99,67.35,28.291666666666668,8.621666666666668,18.75,sky is clear
2015-04-17,59.16375,57.8725,53.02,71.04,65.83333333333333,10.225,63.541666666666664,sky is clear
2015-04-18,64.08708333333333,62.34166666666667,52.7,79.41,45.666666666666664,7.12125,13.958333333333334,sky is clear
2015-04-19,57.227916666666665,54.19583333333333,48.83,75.45,32.875,11.287083333333333,0.0,sky is clear
2015-04-20,52.8371875,50.755,44.94,62.47,82.65625,16.931875,81.875,mist
2015-04-21,57.714814814814815,56.67629629629629,49.98,66.0,74.29629629629629,9.411851851851852,69.81481481481481,mist
2015-04-22,56.930416666666666,54.500416666666666,46.85,69.51,41.791666666666664,10.457916666666668,31.666666666666668,sky is clear
2015-04-23,47.50208333333333,41.935833333333335,42.06,55.47,47.208333333333336,15.547083333333333,50.208333333333336,sky is clear
2015-04-24,43.923750000000005,36.03666666666667,39.0,51.51,37.208333333333336,18.53,58.958333333333336,overcast clouds
2015-04-25,46.309583333333336,40.1075,37.17,60.51,38.291666666666664,13.580416666666666,0.0,sky is clear
2015-04-26,51.68333333333334,48.31333333333333,43.52,62.49,42.75,6.617916666666667,48.541666666666664,sky is clear
2015-04-27,53.62875,50.39666666666667,47.03,61.41,39.916666666666664,11.59375,70.41666666666667,overcast clouds
2015-04-28,57.04666666666666,54.3425,48.92,70.41,42.75,13.394166666666665,38.541666666666664,sky is clear
2015-04-29,62.5525,60.24625,51.89,77.43,37.0,10.159583333333332,21.666666666666668,sky is clear
2015-04-30,55.135416666666664,52.45791666666667,47.88,66.45,59.041666666666664,14.344583333333333,25.625,sky is clear
2015-05-01,52.540416666666665,49.87916666666666,47.55,61.41,58.5,9.105833333333333,69.58333333333333,overcast clouds
2015-05-02,53.51166666666666,51.93291666666667,46.11,71.49,59.25,5.388333333333333,31.458333333333332,sky is clear
2015-05-03,60.04750000000001,57.93541666666667,48.7,78.51,45.0,7.597083333333334,11.041666666666666,sky is clear
2015-05-04,66.48125,64.92041666666667,52.97,84.45,46.583333333333336,8.333333333333334,4.166666666666667,sky is clear
2015-05-05,71.25833333333334,70.03125,61.23,84.45,41.083333333333336,9.1725,22.708333333333332,sky is clear
2015-05-06,66.36416666666666,64.7725,58.98,75.34,44.125,7.8566666666666665,70.83333333333333,overcast clouds
2015-05-07,63.91625,62.20541666666667,51.96,79.41,46.791666666666664,6.208749999999999,1.6666666666666667,sky is clear
2015-05-08,66.07708333333333,65.4175,55.02,82.47,64.20833333333333,7.447916666666667,0.0,sky is clear
2015-05-09,62.7144,62.3688,53.04,74.35,78.36,9.1088,75.0,haze
2015-05-10,69.52875,69.82458333333334,57.9,83.71,75.08333333333333,6.712083333333333,73.75,mist
2015-05-11,74.20041666666667,74.74541666666666,65.08,83.41,70.66666666666667,10.801666666666668,37.5,sky is clear
2015-05-12,74.4344,74.5672,64.02,85.98,66.92,10.9616,35.6,sky is clear
2015-05-13,65.32333333333334,63.51291666666666,58.35,82.92,41.0,17.409583333333334,40.416666666666664,sky is clear
2015-05-14,59.01833333333334,56.48541666666667,48.42,73.47,39.666666666666664,9.945833333333333,8.125,sky is clear
2015-05-15,62.30708333333333,60.140833333333326,51.82,74.37,40.5,9.013333333333334,0.0,sky is clear
2015-05-16,65.46041666666666,64.59833333333334,57.45,76.95,61.541666666666664,7.68,61.458333333333336,light rain
2015-05-17,71.0721875,71.670625,62.04,83.16,79.5,4.0421875,62.96875,mist
2015-05-18,66.49166666666666,66.45958333333333,55.92,78.62,77.0,8.435,61.666666666666664,mist
2015-05-19,63.49333333333333,63.149166666666666,55.92,80.04,77.04166666666667,5.974166666666666,75.83333333333333,haze
2015-05-20,63.26333333333333,61.73875,57.0,75.13,52.125,15.22,25.208333333333332,sky is clear
2015-05-21,56.055416666666666,53.46625,51.22,61.41,44.791666666666664,8.249583333333334,47.5,sky is clear
2015-05-22,61.53541666666666,59.7275,53.76,73.92,49.791666666666664,11.45375,63.541666666666664,overcast clouds
2015-05-23,59.41583333333333,56.53791666666667,49.35,69.51,31.541666666666668,13.245,6.666666666666667,sky is clear
2015-05-24,64.1875,62.29416666666666,51.64,81.39,42.291666666666664,10.101666666666667,0.0,sky is clear
2015-05-25,71.81666666666666,71.00750000000001,61.14,86.47,50.791666666666664,10.214583333333334,3.125,sky is clear
2015-05-26,74.565,74.2,63.84,87.51,52.208333333333336,11.855416666666665,0.0,sky is clear
2015-05-27,74.66625,75.07666666666667,66.15,86.34,65.20833333333333,11.398333333333333,30.208333333333332,sky is clear
2015-05-28,73.78538461538461,74.65730769230768,66.11,84.99,73.46153846153847,7.769230769230769,42.88461538461539,light rain
2015-05-29,71.95583333333333,71.31875000000001,61.61,85.35,51.291666666666664,8.518333333333333,6.666666666666667,sky is clear
2015-05-30,73.47791666666667,73.91291666666667,65.73,86.13,67.5,11.267083333333334,6.458333333333333,sky is clear
2015-05-31,74.6276923076923,75.20653846153846,68.31,86.43,69.42307692307692,11.597692307692306,39.61538461538461,sky is clear
2015-06-01,63.655625,63.961875,55.02,71.83,90.1875,14.9303125,100.0,mist
2015-06-02,54.45970588235294,53.756764705882354,49.98,56.95,88.32352941176471,11.920882352941177,100.0,mist
2015-06-03,58.31461538461539,57.36423076923077,52.41,70.41,74.88461538461539,8.232307692307693,72.6923076923077,overcast clouds
2015-06-04,58.60666666666666,57.437916666666666,54.39,64.92,69.58333333333333,10.914583333333333,55.416666666666664,sky is clear
2015-06-05,60.315925925925924,59.4837037037037,55.47,70.16,73.14814814814815,7.514074074074074,75.18518518518519,overcast clouds
2015-06-06,66.32464285714285,66.13892857142858,60.06,76.26,74.14285714285714,7.9592857142857145,71.60714285714286,light rain
2015-06-07,64.96375,63.04458333333333,56.23,73.98,40.083333333333336,8.873333333333333,0.0,sky is clear
2015-06-08,68.16916666666667,67.64708333333333,62.04,80.1,63.0,13.384583333333333,45.833333333333336,sky is clear
2015-06-09,73.04791666666667,73.58916666666666,66.9,84.9,72.70833333333333,11.762083333333335,64.79166666666667,light rain
2015-06-10,73.10625,72.685,62.69,82.47,53.375,9.563333333333334,7.5,sky is clear
2015-06-11,78.23958333333333,78.69458333333334,68.5,91.02,54.75,10.130833333333333,10.625,haze
2015-06-12,79.65958333333333,80.54333333333334,71.04,89.94,55.708333333333336,8.919166666666667,8.125,sky is clear
2015-06-13,79.13083333333334,79.38208333333334,73.69,86.43,53.458333333333336,11.576666666666666,20.833333333333332,sky is clear
2015-06-14,76.44458333333334,76.09083333333334,67.46,87.51,51.208333333333336,7.298749999999999,2.5,sky is clear
2015-06-15,73.37411764705882,74.24176470588236,64.02,82.47,83.70588235294117,10.973529411764707,93.82352941176471,mist
2015-06-16,71.3496,71.9492,62.94,83.21,82.8,7.892,88.0,haze
2015-06-17,73.23916666666666,73.08833333333332,67.12,81.39,60.125,9.74875,7.916666666666667,sky is clear
2015-06-18,67.00708333333334,66.81875000000001,64.47,70.57,72.54166666666667,8.378333333333334,80.41666666666667,overcast clouds
2015-06-19,73.51625,73.96541666666667,66.0,84.9,69.33333333333333,7.578333333333333,71.45833333333333,overcast clouds
2015-06-20,70.66916666666667,70.565,64.02,81.39,66.625,9.171249999999999,76.66666666666667,overcast clouds
2015-06-21,75.34166666666667,76.66866666666667,68.43,89.04,79.46666666666667,9.575,85.33333333333333,mist
2015-06-22,78.99666666666667,79.22666666666667,71.15,87.96,57.791666666666664,11.6875,11.458333333333334,sky is clear
2015-06-23,81.14625,83.01458333333333,72.79,92.66,57.166666666666664,11.5575,12.916666666666666,sky is clear
2015-06-24,76.41125,76.34041666666667,67.75,83.37,54.166666666666664,11.30625,12.291666666666666,sky is clear
2015-06-25,74.87791666666666,74.03458333333333,64.38,83.37,40.666666666666664,7.345416666666666,0.8333333333333334,sky is clear
2015-06-26,73.83583333333333,73.50708333333334,68.99,80.49,55.083333333333336,8.66875,62.5,broken clouds
2015-06-27,68.68440000000001,68.3696,60.51,76.01,66.28,9.3596,69.6,overcast clouds
2015-06-28,66.12861111111111,66.5261111111111,59.43,75.4,86.86111111111111,15.77111111111111,99.30555555555556,mist
2015-06-29,70.36041666666667,69.815,62.55,77.47,57.833333333333336,11.585833333333333,58.958333333333336,overcast clouds
2015-06-30,73.61333333333333,73.31083333333333,65.66,81.79,54.875,10.987083333333333,14.375,sky is clear
2015-07-01,75.08148148148149,75.77444444444444,69.51,84.0,72.29629629629629,11.359629629629628,69.62962962962963,mist
2015-07-02,73.72416666666668,73.36958333333332,66.47,82.02,54.5,7.40125,16.875,sky is clear
2015-07-03,72.75375000000001,72.20875,65.07,81.14,51.958333333333336,5.7225,2.5,sky is clear
2015-07-04,71.795,71.60125000000001,68.43,76.23,62.25,7.976666666666667,50.416666666666664,sky is clear
2015-07-05,73.66375000000001,73.58166666666666,65.73,84.0,58.291666666666664,5.314166666666667,35.833333333333336,sky is clear
2015-07-06,75.63083333333333,76.18458333333334,69.48,83.37,66.16666666666667,7.382916666666667,26.666666666666668,sky is clear
2015-07-07,78.8712,81.4268,73.71,87.06,72.84,10.6292,67.6,overcast clouds
2015-07-08,80.14,81.68666666666667,75.79,88.16,66.08333333333333,8.825833333333334,21.458333333333332,sky is clear
2015-07-09,74.71041666666666,75.23083333333334,67.98,80.49,72.25,7.23125,72.70833333333333,haze
2015-07-10,75.9223076923077,76.37461538461538,70.41,84.25,68.38461538461539,10.53,55.57692307692308,mist
2015-07-11,77.27958333333333,76.62041666666667,68.61,87.51,46.125,4.7179166666666665,8.958333333333334,sky is clear
2015-07-12,78.17666666666666,77.67541666666666,68.27,89.04,48.25,5.667916666666667,0.8333333333333334,sky is clear
2015-07-13,78.23708333333333,78.30583333333333,70.84,86.43,51.5,7.94125,0.0,sky is clear
2015-07-14,76.00346153846154,76.50307692307692,70.2,82.02,71.53846153846153,7.770769230769231,44.03846153846154,sky is clear
2015-07-15,76.36961538461539,77.34269230769232,71.53,81.0,82.26923076923077,7.227692307692308,70.96153846153847,mist
2015-07-16,71.97708333333334,70.96,64.02,79.41,44.375,10.364166666666668,44.166666666666664,sky is clear
2015-07-17,71.75,71.37625,62.92,80.92,58.541666666666664,10.3175,8.75,sky is clear
2015-07-18,76.21461538461539,77.50269230769231,72.39,85.3,70.1923076923077,10.736923076923075,71.92307692307692,light rain
2015-07-19,81.69875,83.92125,74.68,94.06,63.541666666666664,6.962916666666666,13.541666666666666,sky is clear
2015-07-20,84.91916666666667,86.7325,78.48,93.9,52.75,8.295416666666666,11.25,sky is clear
2015-07-21,82.66833333333334,83.29083333333334,77.13,91.02,50.291666666666664,7.5775,22.708333333333332,sky is clear
2015-07-22,76.74,76.12375,68.72,85.35,46.416666666666664,13.059166666666668,15.208333333333334,sky is clear
2015-07-23,75.62458333333333,74.64041666666667,66.54,84.9,39.041666666666664,10.429583333333333,6.458333333333333,sky is clear
2015-07-24,75.76416666666667,74.67375,66.63,86.43,37.125,6.645833333333333,17.708333333333332,sky is clear
2015-07-25,75.9075,75.2675,65.7,87.51,44.916666666666664,7.308333333333334,9.791666666666666,sky is clear
2015-07-26,78.40458333333333,78.58583333333333,70.99,89.04,53.75,11.091666666666667,42.291666666666664,few clouds
2015-07-27,77.27615384615385,78.0973076923077,71.06,85.98,65.07692307692308,8.535769230769231,52.30769230769231,sky is clear
2015-07-28,80.64041666666667,80.75291666666666,71.76,95.43,57.958333333333336,6.125,9.791666666666666,sky is clear
2015-07-29,82.86583333333333,83.24125,73.83,94.35,51.583333333333336,7.233750000000001,0.8333333333333334,sky is clear
2015-07-30,81.16518518518518,84.76111111111112,75.18,87.96,74.44444444444444,10.007037037037037,49.074074074074076,sky is clear
2015-07-31,79.47833333333334,79.18291666666667,69.67,89.94,57.458333333333336,7.958749999999999,16.25,sky is clear
2015-08-01,80.15666666666667,79.37958333333334,73.45,89.94,42.0,8.678333333333333,18.541666666666668,sky is clear
2015-08-02,78.70291666666667,77.91625,68.25,88.41,43.833333333333336,7.504166666666666,6.458333333333333,sky is clear
2015-08-03,79.97500000000001,79.765,71.82,91.02,48.208333333333336,10.485,8.333333333333334,sky is clear
2015-08-04,80.45559999999999,80.3352,69.51,91.02,53.16,11.051599999999999,17.8,sky is clear
2015-08-05,78.40541666666667,77.64,68.52,87.96,44.458333333333336,7.364166666666667,15.416666666666666,sky is clear
2015-08-06,74.81458333333333,74.15666666666667,65.93,82.47,44.166666666666664,7.661666666666666,3.125,sky is clear
2015-08-07,74.85958333333333,74.41416666666667,67.41,83.37,48.458333333333336,8.882916666666667,3.9583333333333335,sky is clear
2015-08-08,73.6675,73.27291666666666,66.09,81.39,52.416666666666664,6.9991666666666665,0.8333333333333334,sky is clear
2015-08-09,74.46375,74.16291666666667,67.84,84.45,53.666666666666664,7.912916666666667,22.916666666666668,sky is clear
2015-08-10,73.2975,73.18833333333333,67.86,82.47,60.875,9.777083333333334,41.458333333333336,sky is clear
2015-08-11,74.27892857142857,75.01107142857143,71.49,80.94,76.71428571428571,12.551785714285714,92.5,overcast clouds
2015-08-12,75.5775,75.51041666666667,68.11,84.0,57.291666666666664,11.017083333333332,20.208333333333332,sky is clear
2015-08-13,74.75583333333334,74.19125,66.58,82.92,49.083333333333336,8.75125,25.416666666666668,sky is clear
2015-08-14,75.2825,74.32166666666667,63.54,87.06,42.125,6.086666666666667,0.0,sky is clear
2015-08-15,78.75291666666666,78.46666666666667,69.78,91.47,49.583333333333336,8.165833333333333,1.6666666666666667,sky is clear
2015-08-16,80.47250000000001,81.1075,72.34,92.37,53.25,5.984166666666667,18.75,sky is clear
2015-08-17,81.48958333333333,82.22291666666666,73.45,93.45,52.291666666666664,5.900833333333334,17.916666666666668,sky is clear
2015-08-18,80.44,81.62346153846154,73.47,90.39,61.23076923076923,8.973076923076924,27.5,sky is clear
2015-08-19,79.25416666666666,81.19041666666666,74.08,86.43,72.29166666666667,11.034999999999998,34.791666666666664,scattered clouds
2015-08-20,79.34333333333333,80.86041666666667,75.27,86.43,70.5,12.3125,57.291666666666664,broken clouds
2015-08-21,78.12629629629629,78.66000000000001,71.94,87.51,68.85185185185185,10.480370370370371,65.74074074074075,sky is clear
2015-08-22,75.85083333333334,75.25333333333333,66.61,84.45,46.0,7.996666666666666,0.0,sky is clear
2015-08-23,74.63041666666668,74.73916666666666,66.9,84.45,59.125,6.861250000000001,36.458333333333336,sky is clear
2015-08-24,76.94916666666667,77.41666666666667,69.66,86.74,63.541666666666664,6.330000000000001,35.625,sky is clear
2015-08-25,79.40833333333333,80.40541666666667,73.27,89.49,60.0,9.553749999999999,37.916666666666664,sky is clear
2015-08-26,75.32791666666667,74.57291666666667,65.37,84.9,43.25,10.699583333333331,7.083333333333333,sky is clear
2015-08-27,73.14791666666666,72.48625,65.23,81.39,48.291666666666664,10.364166666666668,20.208333333333332,sky is clear
2015-08-28,71.52416666666666,70.68416666666667,61.83,82.47,49.083333333333336,6.3425,2.5,sky is clear
2015-08-29,74.05,73.27083333333333,62.24,87.51,46.875,6.24625,8.75,sky is clear
2015-08-30,76.91000000000001,77.15041666666666,68.68,89.94,55.708333333333336,8.845,7.083333333333333,sky is clear
2015-08-31,80.65958333333333,81.3075,74.75,91.47,59.416666666666664,8.360833333333334,18.125,sky is clear
2015-09-01,80.01083333333334,80.31416666666667,73.27,89.49,54.5,7.474166666666666,12.916666666666666,sky is clear
2015-09-02,77.81375,78.23708333333333,70.56,90.39,58.791666666666664,6.628333333333334,2.5,sky is clear
2015-09-03,80.18958333333333,80.24458333333332,72.95,93.45,57.208333333333336,5.966666666666666,0.0,sky is clear
2015-09-04,78.21916666666667,78.65208333333334,73.96,85.98,60.166666666666664,9.89875,27.083333333333332,haze
2015-09-05,73.14791666666666,72.94333333333334,66.9,83.37,59.208333333333336,9.730416666666667,13.75,sky is clear
2015-09-06,72.02541666666667,71.54833333333333,62.67,86.43,55.708333333333336,6.004166666666666,0.0,sky is clear
2015-09-07,75.70125,75.61791666666666,65.12,91.47,57.25,9.3475,0.0,sky is clear
2015-09-08,81.19208333333333,81.80208333333333,71.94,96.51,53.166666666666664,8.64875,0.0,sky is clear
2015-09-09,80.82875,83.49291666666666,74.34,89.96,65.54166666666667,12.117083333333333,24.583333333333332,sky is clear
2015-09-10,75.24514285714285,76.61857142857143,71.49,82.96,83.77142857142857,9.669428571428572,88.57142857142857,light rain
2015-09-11,71.89481481481482,72.34407407407407,66.18,80.94,75.74074074074075,10.389259259259259,79.07407407407408,light rain
2015-09-12,71.97791666666667,72.07916666666667,64.47,78.51,68.08333333333333,8.53875,40.416666666666664,sky is clear
2015-09-13,70.7752,70.9924,66.9,78.51,73.2,9.9056,67.4,moderate rain
2015-09-14,66.03833333333334,64.74249999999999,57.63,76.35,51.041666666666664,14.69,9.791666666666666,sky is clear
2015-09-15,69.9475,68.73083333333334,59.65,83.37,42.916666666666664,7.00875,0.0,sky is clear
2015-09-16,73.19,72.22958333333334,61.54,87.51,47.833333333333336,3.785833333333333,0.0,sky is clear
2015-09-17,74.00916666666667,73.185,61.29,88.41,48.333333333333336,5.305000000000001,0.0,sky is clear
2015-09-18,73.45958333333333,72.70125,60.84,86.43,48.083333333333336,5.937916666666666,0.0,sky is clear
2015-09-19,72.69208333333333,72.91208333333334,64.36,83.37,66.33333333333333,8.975416666666666,13.75,sky is clear
2015-09-20,72.68625,72.4475,68.52,77.43,59.416666666666664,12.415416666666665,47.916666666666664,sky is clear
2015-09-21,64.4725,62.775,56.73,72.39,45.875,12.751249999999999,4.791666666666667,sky is clear
2015-09-22,66.08624999999999,64.80333333333333,60.78,71.94,51.25,12.564583333333333,45.625,sky is clear
2015-09-23,66.29958333333333,65.0425,55.69,79.41,51.333333333333336,7.2508333333333335,2.5,sky is clear
2015-09-24,67.51333333333334,66.48208333333334,57.0,81.39,53.541666666666664,7.353750000000001,0.0,sky is clear
2015-09-25,67.30624999999999,66.4475,61.61,74.37,57.666666666666664,11.315,0.0,sky is clear
2015-09-26,64.78916666666667,63.56791666666667,59.5,71.49,55.291666666666664,10.895416666666668,3.125,sky is clear
2015-09-27,62.5,61.4025,54.41,70.41,62.833333333333336,9.627083333333333,15.208333333333334,sky is clear
2015-09-28,68.42416666666666,68.40125,62.1,78.96,73.08333333333333,7.307083333333334,78.125,overcast clouds
2015-09-29,73.31208333333333,73.98333333333333,68.61,82.47,76.75,6.487916666666667,47.291666666666664,light rain
2015-09-30,73.54161290322581,74.55387096774194,66.45,78.51,84.19354838709677,13.081290322580644,95.64516129032258,light rain
2015-10-01,59.84458333333333,58.69083333333333,55.02,67.35,67.29166666666667,15.742916666666666,87.91666666666667,overcast clouds
2015-10-02,53.61115384615385,52.354615384615386,49.35,59.32,78.3076923076923,18.729230769230767,95.0,light rain
2015-10-03,51.53228571428572,49.116571428571426,48.45,56.75,83.6,24.31885714285714,100.0,light rain
2015-10-04,56.68625,54.97666666666667,52.72,62.94,62.166666666666664,21.00875,75.625,overcast clouds
2015-10-05,56.92208333333334,55.166666666666664,50.34,65.37,60.708333333333336,13.299999999999999,68.125,overcast clouds
2015-10-06,59.31791666666666,57.65541666666667,49.23,73.02,57.583333333333336,5.555833333333333,5.0,sky is clear
2015-10-07,62.72625,61.501666666666665,56.16,73.02,59.625,6.385416666666667,20.625,sky is clear
2015-10-08,61.798750000000005,60.50625,55.44,70.41,60.166666666666664,7.064166666666666,33.125,sky is clear
2015-10-09,65.2826923076923,65.06153846153846,57.13,78.06,75.46153846153847,8.681538461538462,55.57692307692308,sky is clear
2015-10-10,59.1975,57.475833333333334,50.83,66.9,56.541666666666664,9.209166666666667,9.583333333333334,sky is clear
2015-10-11,56.61875,54.555416666666666,45.25,69.06,54.541666666666664,7.214166666666666,0.0,sky is clear
2015-10-12,61.16375,59.49583333333334,49.12,76.35,53.458333333333336,7.149583333333333,0.0,sky is clear
2015-10-13,63.975,63.21791666666667,56.62,71.94,66.91666666666667,7.90375,26.458333333333332,sky is clear
2015-10-14,62.38583333333333,60.873333333333335,54.25,70.41,54.25,10.605833333333333,51.458333333333336,overcast clouds
2015-10-15,56.92958333333333,54.581250000000004,46.83,64.47,50.666666666666664,10.149583333333334,13.333333333333334,sky is clear
2015-10-16,57.55875,55.302083333333336,51.93,63.7,48.666666666666664,11.159583333333332,26.25,sky is clear
2015-10-17,51.41583333333333,47.71541666666667,45.68,60.06,47.541666666666664,12.94625,22.291666666666668,sky is clear
2015-10-18,43.83291666666667,37.55083333333334,35.56,49.73,42.875,12.937916666666666,11.875,sky is clear
2015-10-19,42.295,37.126666666666665,31.62,53.06,47.0,9.3475,0.0,sky is clear
2015-10-20,55.01416666666666,51.28041666666667,46.72,71.04,44.25,12.070833333333333,18.125,sky is clear
2015-10-21,61.79708333333334,59.681666666666665,50.95,76.35,42.625,6.84125,0.0,sky is clear
2015-10-22,61.91583333333333,60.32125,51.17,74.37,53.5,8.5,0.8333333333333334,sky is clear
2015-10-23,58.55875,56.26791666666667,51.26,71.94,45.875,12.647916666666667,7.916666666666667,sky is clear
2015-10-24,48.24125,44.585,38.28,56.01,58.333333333333336,8.864166666666668,39.583333333333336,sky is clear
2015-10-25,58.49125,57.17875,53.2,68.43,66.79166666666667,10.429166666666667,80.41666666666667,overcast clouds
2015-10-26,51.397083333333335,48.43166666666667,41.99,58.98,50.333333333333336,9.692916666666667,0.8333333333333334,sky is clear
2015-10-27,49.951249999999995,47.27375,39.38,58.98,54.208333333333336,6.860833333333333,16.875,sky is clear
2015-10-28,58.814193548387095,58.06483870967742,50.25,67.98,78.09677419354838,16.04741935483871,72.25806451612904,sky is clear
2015-10-29,67.11620689655172,66.90827586206896,62.02,71.94,71.93103448275862,16.16758620689655,67.75862068965517,sky is clear
2015-10-30,55.67124999999999,52.571666666666665,48.04,64.02,39.666666666666664,14.987916666666665,1.6666666666666667,sky is clear
2015-10-31,47.94125,44.07125,37.24,55.53,50.083333333333336,9.031666666666666,0.0,sky is clear
2015-11-01,56.43416666666667,54.57916666666667,49.33,64.96,59.625,8.445,46.458333333333336,sky is clear
2015-11-02,57.890416666666674,56.157916666666665,48.9,64.9,59.125,6.123333333333334,0.0,sky is clear
2015-11-03,56.63125,55.00541666666667,43.36,73.02,55.125,3.4499999999999997,0.0,sky is clear
2015-11-04,59.076249999999995,57.41958333333333,49.86,70.41,58.25,5.08,0.0,sky is clear
2015-11-05,60.7004,60.334799999999994,53.73,71.49,82.16,3.9752000000000005,65.2,mist
2015-11-06,67.17041666666667,67.35208333333334,61.93,73.47,80.08333333333333,8.8825,85.0,mist
2015-11-07,64.08208333333333,62.817499999999995,57.63,72.39,55.916666666666664,10.541666666666666,54.166666666666664,overcast clouds
2015-11-08,53.01791666666667,49.60833333333333,44.76,58.48,45.416666666666664,11.455,5.625,sky is clear
2015-11-09,49.73666666666667,48.06125,36.91,60.06,46.583333333333336,4.297916666666667,1.6666666666666667,sky is clear
2015-11-10,55.41379310344828,54.253793103448274,50.94,58.98,76.55172413793103,12.233448275862068,79.13793103448276,light rain
2015-11-11,53.39235294117647,52.43382352941177,49.35,59.34,85.1470588235294,15.040000000000001,100.0,mist
2015-11-12,54.83583333333333,53.759166666666665,49.82,60.51,79.54166666666667,9.701666666666666,100.0,overcast clouds
2015-11-13,55.76833333333334,53.32791666666666,51.06,59.43,48.625,17.477083333333333,37.083333333333336,scattered clouds
2015-11-14,47.77791666666667,41.32333333333333,44.26,51.96,40.208333333333336,18.688333333333333,15.625,sky is clear
2015-11-15,46.288333333333334,41.85958333333333,36.64,59.5,47.083333333333336,9.23625,0.0,sky is clear
2015-11-16,55.26541666666666,52.75375,44.83,67.98,39.416666666666664,6.4504166666666665,0.0,sky is clear
2015-11-17,48.093333333333334,43.01,39.42,62.94,49.583333333333336,12.25625,0.0,sky is clear
2015-11-18,49.35708333333333,46.604166666666664,40.23,58.98,61.583333333333336,8.4825,73.33333333333333,overcast clouds
2015-11-19,59.92,59.34269230769231,56.03,64.29,79.3076923076923,14.38576923076923,99.03846153846153,overcast clouds
2015-11-20,58.75310344827586,57.367586206896554,48.87,64.47,64.62068965517241,15.141379310344828,48.96551724137931,sky is clear
2015-11-21,45.9275,41.08166666666667,39.34,53.04,44.75,10.196250000000001,3.125,sky is clear
2015-11-22,50.151250000000005,47.084583333333335,46.58,55.92,58.0,9.488333333333333,81.875,overcast clouds
2015-11-23,41.45916666666667,33.78458333333334,34.41,48.9,40.75,14.905416666666667,5.0,sky is clear
2015-11-24,37.92541666666667,32.14333333333334,28.44,47.62,43.875,8.584583333333333,28.958333333333332,sky is clear
2015-11-25,41.38625,36.76916666666667,29.71,50.77,50.041666666666664,7.44625,8.958333333333334,sky is clear
2015-11-26,47.01083333333333,44.77041666666667,36.75,62.55,66.04166666666667,5.0525,10.416666666666666,sky is clear
2015-11-27,52.4775,50.782916666666665,39.18,64.47,75.66666666666667,6.2925,4.166666666666667,sky is clear
2015-11-28,55.002916666666664,53.28375,48.0,63.03,65.54166666666667,7.800833333333333,65.0,broken clouds
2015-11-29,44.27666666666667,38.983333333333334,37.83,51.01,62.875,10.0,62.708333333333336,scattered clouds
2015-11-30,39.74,32.61291666666667,31.71,46.85,59.083333333333336,12.144583333333332,43.958333333333336,scattered clouds
2015-12-01,47.1268,42.91479999999999,42.21,53.08,80.52,11.005999999999998,96.8,light rain
2015-12-02,49.8796875,47.86875,46.02,55.47,89.78125,6.186875000000001,99.21875,light rain
2015-12-03,50.60125,46.63375,46.62,57.45,63.25,13.04875,66.25,broken clouds
2015-12-04,45.99333333333333,40.44625,40.82,51.51,52.166666666666664,12.079583333333332,37.916666666666664,sky is clear
2015-12-05,43.93375,40.8725,35.06,51.96,53.416666666666664,5.18375,0.0,sky is clear
2015-12-06,42.61958333333333,39.814166666666665,30.94,53.49,57.958333333333336,5.042083333333333,0.0,sky is clear
2015-12-07,44.927083333333336,41.638333333333335,35.2,54.39,53.208333333333336,5.574166666666667,3.9583333333333335,sky is clear
2015-12-08,44.54958333333334,40.374583333333334,39.31,51.06,57.458333333333336,7.838333333333334,39.791666666666664,sky is clear
2015-12-09,43.65375,41.699999999999996,35.33,52.41,65.58333333333333,4.9783333333333335,55.625,overcast clouds
2015-12-10,52.65833333333333,50.6175,46.8,60.06,67.04166666666667,7.5225,47.083333333333336,sky is clear
2015-12-11,50.67458333333334,48.449999999999996,43.43,60.96,68.70833333333333,6.645416666666667,2.5,sky is clear
2015-12-12,55.666666666666664,53.81,48.06,66.54,61.25,4.54,25.0,sky is clear
2015-12-13,56.02791666666667,54.63166666666667,51.78,66.45,70.25,3.9612499999999997,45.208333333333336,haze
2015-12-14,54.81666666666666,53.7875,49.98,64.47,80.625,6.916250000000001,78.125,haze
2015-12-15,60.993793103448276,59.8451724137931,55.44,67.35,64.89655172413794,13.582413793103449,67.06896551724138,sky is clear
2015-12-16,49.60125,45.92541666666667,45.09,55.11,54.791666666666664,12.497916666666667,47.083333333333336,sky is clear
2015-12-17,52.818999999999996,51.455333333333336,48.0,59.43,82.46666666666667,7.723,98.33333333333333,overcast clouds
2015-12-18,50.36708333333333,47.01083333333333,42.98,57.45,72.91666666666667,11.109583333333333,86.875,overcast clouds
2015-12-19,38.864583333333336,29.652916666666666,34.56,43.77,41.708333333333336,17.7925,47.083333333333336,sky is clear
2015-12-20,38.12416666666667,30.077916666666667,32.81,44.04,40.916666666666664,13.4675,52.291666666666664,overcast clouds
2015-12-21,43.107499999999995,38.09625,33.82,53.94,49.208333333333336,9.673333333333334,5.625,sky is clear
2015-12-22,54.8012,53.534400000000005,50.25,62.49,75.6,7.747999999999999,99.0,overcast clouds
2015-12-23,54.38366666666666,53.639,49.86,62.49,87.53333333333333,7.435,76.33333333333333,mist
2015-12-24,63.9,63.9875,53.04,71.49,85.09375,9.206875,81.71875,mist
2015-12-25,59.309200000000004,58.45399999999999,52.2,69.96,74.76,2.4892000000000003,56.6,sky is clear
2015-12-26,53.70166666666666,51.41708333333333,49.51,62.04,57.333333333333336,9.237083333333333,84.79166666666667,overcast clouds
2015-12-27,52.47333333333333,51.01333333333333,46.02,62.58,84.0,7.58037037037037,100.0,mist
2015-12-28,43.96875,37.7875,39.29,61.29,56.5,13.56125,31.666666666666668,sky is clear
2015-12-29,42.10657142857143,34.629714285714286,33.96,49.96,82.91428571428571,15.026571428571428,100.0,mist
2015-12-30,43.10541666666666,39.732083333333335,39.45,48.65,85.16666666666667,5.8637500000000005,83.33333333333333,mist
2015-12-31,47.12259259259259,42.943703703703704,45.3,50.27,77.55555555555556,9.313333333333334,88.88888888888889,overcast clouds
